id,x,y,color
1,189.08682825446164,54.49424900050974,2
2,18.552747432762374,132.34617394694894,1
3,191.1491351761362,108.35855004604106,3
4,124.19577384890422,135.1359974072737,1
5,63.85216408274094,170.74412481596949,1
6,149.93691478908076,116.81843391334509,1
7,88.32720611709027,82.14195347435916,1
8,120.39638227369097,5.624127216921807,2
9,148.86666669637916,72.55371168776013,3
10,171.46650791778052,196.7717505305027,1
11,54.3216012588569,193.84204180524225,1
12,97.9522261922032,135.51930323819838,1
13,75.70472680692225,186.48402559536933,1
14,148.791915165312,70.08287208999842,3
15,134.13338140089567,57.02410529521601,3
16,9.61648266258864,133.29522174267186,3
17,34.25023968517639,52.02777113424987,1
18,26.65562451535368,73.27299892281641,1
19,186.98700677477092,7.0074824776793045,2
20,174.36954296226614,44.55818936344025,2
21,59.71319622935521,191.50465386162443,1
22,157.0014527086368,126.61551386336046,1
23,151.3985389180514,186.75128040224683,1
24,34.09001952232714,157.65819200205755,1
25,143.35986482129928,200.3626450409313,1
26,86.01265651800304,96.40870988093748,1
27,190.52335800909657,23.145196868522042,2
28,123.02081525209623,125.43082946816935,1
29,186.1942012066279,149.60547893064128,3
30,195.9176906923274,113.05252729570482,3
31,134.4073143507607,194.26082778508163,1
32,100.55125422812608,168.01052308382822,1
33,29.307497770467307,27.878439313627762,3
34,116.92231598447466,181.37435554364058,1
35,125.02603594708091,93.70904662854478,1
36,187.69776407660814,182.34338298250915,3
37,98.93886653447039,116.85995538945824,1
38,43.20599154333046,131.19746478146405,1
39,104.24105335663626,13.15273800204655,2
40,74.1353239716632,148.62191884196218,1
41,55.73286205165343,-3.205960104286605,3
42,135.5090996186861,129.26728911713627,1
43,167.38993987872854,26.59343460458587,2
44,123.85768627409502,48.6110249237104,3
45,52.37787090051233,66.23598196473958,1
46,157.92084868463883,19.34774094283179,2
47,48.04272252908535,50.814036573039346,1
48,199.2476417362314,0.21250226331606425,2
49,101.20759212803185,43.790675087653966,3
50,72.55250939335824,59.60537856257234,1
51,166.95067817128432,47.29289125152868,2
52,84.65708771558704,166.97107066186936,1
53,-0.5489312455325548,98.44452478049946,3
54,44.88059727659492,96.74184997956571,1
55,149.95975524491757,2.907299421361681,2
56,85.29865616239277,3.723998857541672,3
57,38.62100648482687,42.34336530778348,3
58,36.42718003066594,16.627426553222215,3
59,115.60383652296879,53.03453709285662,3
60,95.7531511618158,34.61882597894058,3
61,36.00280555920361,3.075882401960076,3
62,49.43123156244566,169.84736465243532,1
63,179.23821516549518,66.81696721790198,3
64,88.7642099803245,7.64571431572135,3
65,155.48725670615173,60.96997844135239,3
66,186.84902228060747,58.25525967334461,2
67,5.205241312834264,40.276579628627935,3
68,58.66874647507049,5.940832018315197,3
69,33.03983956837589,141.39337350731645,1
70,108.02870406621652,15.476151413899567,3
71,91.98427918351798,149.81272717256937,1
72,109.88001734931778,67.18859073594018,1
73,180.51430312571907,20.4262581319569,2
74,27.956370325623187,11.963670119649198,3
75,170.5071265796536,120.53054323183038,3
76,19.652301532102864,139.68326656076664,1
77,13.774267852586462,144.8510987295326,1
78,43.69916047843866,18.204921915408853,3
79,189.49710930212575,112.20559749500227,3
80,145.73918778228864,141.6753486448099,1
81,53.91122026004642,96.68584326414475,1
82,124.62002334929434,103.53083026488139,1
83,90.85102306883394,13.877918031113165,3
84,9.621949403103091,104.50688391421433,1
85,145.623566420305,49.170970273174035,2
86,127.64362475147436,81.75405605380749,1
87,120.29203721955467,92.38576895916147,1
88,56.81286395091418,12.02287767460837,3
89,51.872856131923,197.23463392144401,1
90,153.64764128231616,81.27106668755451,3
91,15.50428876617711,194.5597206124657,3
92,102.34236993829823,69.55261895693882,1
93,122.20951468789512,71.0828351287794,1
94,61.28606529739263,123.77464893283492,1
95,179.66153679934425,66.17170554347524,2
96,187.6988455615163,30.016499683833423,2
97,25.648569205767533,59.91504974813516,1
98,144.94481526846678,64.40077418730091,3
99,24.78423992131973,69.01192325894343,1
100,113.59148140660008,87.79142402687377,1
101,7.657055731962227,65.97632654021562,3
102,-1.5248295788519703,185.26271579742902,3
103,185.34411882217535,6.3480820506014854,2
104,153.50698045703862,156.81432797888138,1
105,74.90177276504934,114.27758794990298,1
106,45.66803841400327,-2.454189211411194,3
107,172.89046417318156,73.46934853971183,3
108,188.28152383087738,49.77496358299695,2
109,97.90816378792535,8.738582410794955,3
110,91.09908052669195,141.81232610578175,1
111,9.03322323678554,168.23079686899644,3
112,185.95970322499943,39.712319624918486,2
113,152.7417425472561,17.013291364331444,2
114,119.6271237708321,66.52466254252809,3
115,117.43000738236874,115.4414878747493,1
116,126.27965703835638,58.3371894046843,3
117,140.8130973647996,133.0684943353369,1
118,51.40300472067828,138.07266475444683,1
119,4.17653295933162,138.91474180759917,3
120,183.41703186402748,96.56374346645302,3
121,110.69605896546922,173.89824983677605,1
122,185.585275787626,126.52829107908468,3
123,180.7298826166375,76.86244456583556,3
124,144.71468237610486,14.071540664632373,2
125,1.8789932935358387,162.60805923067443,3
126,33.179810798611236,11.1748556628232,3
127,8.597457498124534,57.621871658266585,3
128,185.39311445508469,148.6235821436519,3
129,66.153809347387,104.57102037027376,1
130,4.956638448842414,184.51501868510107,3
131,194.46086416640344,145.18069218352937,3
132,43.1254639418642,196.11950068836646,1
133,27.764711154786347,50.899073545995655,3
134,60.100030277196254,175.62696664992674,1
135,132.17167260123838,148.8682179952057,1
136,70.35409624418982,8.168885355715625,3
137,72.38268129314613,15.394451788913468,3
138,195.3705411534164,121.11047213045804,3
139,140.0813163199727,135.4362037419595,1
140,86.43803837673828,135.52861946922442,1
141,124.15399009665917,67.2799113093883,3
142,107.89828937360635,185.13870096326585,1
143,152.09233342032164,10.718938097172416,2
144,150.67897102027695,59.53760547504184,3
145,194.9908839552837,151.64239028184994,3
146,176.8593873094992,29.268043142966622,2
147,75.03273745601028,132.38224807227195,1
148,124.86979467479709,50.44502159545908,3
149,54.95656853127074,60.81389092055352,1
150,156.51142181085095,35.59871927667444,2
151,13.340881774042478,157.68395734553118,3
152,21.848543578489807,30.78462586042552,3
153,4.238815872723246,181.22513832111463,3
154,34.38588514716969,174.0269115702973,1
155,72.26545544765747,162.63264261272377,1
156,50.42375411719657,192.2430976761937,1
157,179.2290599475388,86.46585335114906,3
158,1.235701376564772,49.2327149644137,3
159,19.18633690940459,69.32736441907991,1
160,118.01218429427001,106.08053585873311,1
161,119.07264606672288,33.11123597039316,3
162,175.02747907136532,38.04402575113573,2
163,96.97795406288509,186.74410766610055,1
164,130.52939761180002,141.6864303248549,1
165,122.12868405691948,190.17770800692443,1
166,72.79842593079587,55.05030804510629,1
167,106.21630084190951,180.5760851103565,1
168,152.56361010581475,5.177419229503952,2
169,142.41645559458354,23.545627538086116,2
170,145.95527743968586,145.53120728908777,1
171,77.04733679965767,155.6132025030622,1
172,29.11541975863667,35.597635693130954,3
173,36.17414242574605,128.6613214785532,1
174,114.98309937059543,107.02373524459045,1
175,51.28078418504943,117.28044775958492,1
176,75.02906225483395,23.525147827168894,3
177,116.85959534409268,171.38661674893297,1
178,5.152751448006564,107.3284804600758,3
179,145.33817559234757,54.75970277119159,3
180,57.718506006665386,108.73007536997727,1
181,95.99012186046839,77.06949576302978,1
182,59.30650953218711,106.07224497667693,1
183,142.3792569185324,84.36416477352198,3
184,190.8095917051526,46.133951132562146,2
185,132.0383654702466,104.61347233724459,1
186,175.6628222747094,78.87687199324127,3
187,128.23625708734022,108.76458991246786,1
188,86.24659377416934,113.62484384767583,1
189,178.41383101558748,179.51268276217962,1
190,98.4719158263608,142.87502052039815,1
191,195.0204602844203,54.10317389062675,2
192,8.309601398913443,185.41511188826564,3
193,35.982616022932866,184.96062437855835,1
194,93.29093006045724,46.72560270455,3
195,83.45784394441105,58.79581444913137,1
196,118.56824960265807,196.35537383226693,1
197,27.18847687778934,181.99800442258052,3
198,61.901495467690566,40.80964543854969,3
199,123.25023308698437,116.21633203612424,1
200,89.63901337408738,81.72772792854265,1
201,127.9731403245927,82.60488830431068,1
202,174.62207758237074,107.12119900162227,3
203,73.62986075994634,157.5826527181,1
204,14.684164099104175,131.7945464739979,1
205,77.76084738618091,72.54759191168873,1
206,67.31494397010246,146.44326361429194,1
207,101.44142472943479,93.05984897014447,1
208,138.65974883979254,109.6888032186597,1
209,27.47712170657681,43.137627341453445,3
210,62.184703813979134,195.09539873611857,1
211,169.3633161218763,169.91059790625144,1
212,59.26472941780935,128.4756616438423,1
213,179.6153823263335,201.71888636280843,1
214,63.115070190315414,166.57413587449747,1
215,144.2579605295871,44.603933356417706,2
216,152.72182116567615,147.34441643984835,1
217,127.06543077792584,68.93827987154205,3
218,154.61714829353414,18.8327747459867,2
219,181.63455996306408,173.3361445674478,1
220,89.59975395305631,165.80087314277358,1
221,136.93502766924007,47.65377010391776,3
222,154.20207504989236,185.63132980875397,1
223,78.1388647934203,25.782259537590665,3
224,130.98350722919685,89.4363733443415,3
225,75.27501261906835,182.357628995253,1
226,122.70412034995503,84.0305957291224,1
227,117.26786493136294,131.34672802653722,1
228,9.62104964718692,8.624368488416103,3
229,120.94870089248897,61.560051816052635,3
230,120.37498372648072,104.65948937250724,1
231,166.1290544311213,170.00740358718426,1
232,140.46555648601407,35.31985542640042,2
233,115.7964716501286,7.1557998072053435,2
234,31.3581848185613,74.58139322939513,1
235,15.476966839869528,11.323002173465156,3
236,-3.99223150750976,163.40256723351104,3
237,161.55419040462365,87.58969143196461,3
238,177.69439752317257,24.71013433686284,2
239,73.11205684639742,169.1689516390563,1
240,146.35851830250897,107.93782491384073,1
241,184.19711052342726,148.53414731392863,3
242,144.07609794734933,96.96597416206953,3
243,160.13495431654206,-1.0843348524737149,2
244,154.45284156736312,146.71565018026095,1
245,10.837964967416662,65.60277331823771,3
246,40.829487653962246,2.8797296062719733,3
247,180.53519360913697,100.16273528565848,3
248,89.33594494748114,182.90856422610187,1
249,177.17185489389354,44.95135916973102,2
250,193.09981949018115,63.556543022870535,2
251,16.38719013157971,44.759769505425204,3
252,174.3175318844442,22.33023378030228,2
253,126.4655911345405,25.444045781836802,2
254,82.66051150362928,127.2807310369994,1
255,104.71560501243263,73.89445723109097,1
256,145.415943542765,17.061737583855844,2
257,158.73382999146264,21.102381164563827,2
258,108.42558310704763,66.91264345099103,3
259,82.20712685648535,146.84983560768524,1
260,39.50220343475091,101.69016399016782,1
261,84.06372693604696,113.00532255387168,1
262,11.06188766366412,59.522321151025785,3
263,195.45289502033782,96.73848278502231,3
264,130.32643465197356,179.5497233601757,1
265,-2.4693936150527884,141.9360914221183,3
266,76.77553722517192,73.46812094844144,1
267,186.95354667427668,50.46129227900532,2
268,103.0831049331376,12.813483570483042,3
269,91.60475526663653,106.69053827342945,1
270,82.1059780130952,110.9527202301703,1
271,144.33228164448005,185.7513831913433,1
272,127.24870017992531,19.934975934574794,2
273,1.7950539324198664,26.596025366484838,3
274,58.7709627837778,143.5435718976768,1
275,107.53340627680105,35.75812644798746,3
276,133.2087083626637,136.19160626439782,1
277,45.93115010446992,185.20025880016598,1
278,19.69429116282258,60.26865441109769,3
279,170.6167229182618,56.70963803436201,2
280,143.52257477119937,17.550787432344492,2
281,159.5863873771049,21.386927142762662,2
282,66.63697107989124,190.82030574445804,1
283,0.6543231585224447,58.00033026830636,3
284,179.17699942969062,61.84055900575095,2
285,193.72458050249435,197.5947999182895,3
286,104.61070236817909,189.90290087421587,1
287,111.05948905616862,165.2729898065495,1
288,188.96723421575393,123.06729414307692,3
289,97.83977234740965,-4.26126835518372,2
290,64.97409495750959,95.19627443710235,1
291,85.8110932902097,23.01413934283195,3
292,70.50877133164234,37.137537930145925,3
293,113.44907715735519,102.65382900400147,1
294,59.24484573555822,75.87263518497682,1
295,184.99117812113082,98.00430166240875,3
296,63.05517241989594,85.9678658699033,1
297,55.64098052537496,101.95213132183179,1
298,167.0712894226816,99.33541872830166,3
299,111.01680504492481,63.779327836649784,3
300,51.555368434670676,38.922427089158575,3
301,193.31363928092418,190.45208613000557,3
302,143.6692372380769,153.28594341292043,1
303,140.42742708972017,163.7627927434332,1
304,57.22342834089609,88.09647577623151,1
305,42.604277295827586,60.82355360962834,1
306,4.862583407845726,93.90666779869231,3
307,128.53321717906934,190.18833105525147,1
308,50.6457082715059,91.61036191200829,1
309,175.59226884388616,120.9650413373667,3
310,67.51482488967719,42.342563590807345,3
311,182.50742513967847,65.58627397345586,2
312,185.33717960678527,170.69169522473658,3
313,165.2516979715696,200.39580534297374,1
314,104.18436548185034,174.54412307167166,1
315,125.16274547109661,37.7454471506043,3
316,196.98701100262642,71.40350953175454,2
317,35.725732194702005,24.59909569999607,3
318,174.35663894090618,159.9687046274959,1
319,179.95141742448567,192.46873018739817,1
320,106.68743779758373,25.821062762693316,3
321,95.69133358977967,106.4969951111482,1
322,131.76814184928404,82.63790820390277,3
323,34.9289018890088,81.37639422823574,1
324,153.19669062201424,200.54695016545708,1
325,193.46934977067255,30.141880041928403,2
326,168.89104145387756,163.82105296196787,1
327,49.03125070700496,73.57952893425976,1
328,13.071583085659547,3.7227584945347063,3
329,136.56186713954344,93.70441972987402,1
330,19.806551857844454,99.06731431278101,1
331,131.97934469273397,116.9492562636254,1
332,132.04441380519637,87.53340042869671,1
333,166.3289479023387,146.2609720654759,1
334,70.64514329955847,42.479232820527166,3
335,15.855175213222704,86.90336840191405,1
336,69.29403613339295,14.693974995986608,3
337,50.04279582644402,46.529770123890245,1
338,0.1902556503733388,198.541271115854,3
339,90.35610385159437,112.25212339016888,1
340,85.94519526848326,175.23037540565315,1
341,162.92893392593814,105.32783346770564,3
342,123.75411611565107,51.42138198393273,3
343,71.33051471867552,11.575262514027816,3
344,169.45322963947612,0.7984962314198256,2
345,55.43928980909498,62.46206438682399,1
346,31.571955517560873,87.83755281397298,1
347,184.49070549164182,6.257797410385759,2
348,33.56434835152413,-0.4397712218539942,3
349,86.78605712077092,201.53806376110282,1
350,35.03179133052106,173.88388365823474,1
351,177.78560349495663,114.45519976995543,3
352,100.01640383475839,129.5625045766742,1
353,159.25815805120018,158.0802897880661,1
354,184.29073158487714,21.701063039375548,2
355,195.31535374781572,168.19714218182523,3
356,88.1507816246129,144.1944441203981,1
357,149.83239915872758,186.94661508741376,1
358,19.1923059993804,110.10385951369759,1
359,34.62837648424345,57.064912902186165,1
360,78.46286361697203,65.21183832072234,1
361,87.78000977284435,190.5470325748323,1
362,99.86617903405073,6.100389757996547,3
363,195.9116898194546,151.97280580992125,3
364,105.46435024724546,79.40867220012206,1
365,140.42539900235437,145.14916740342957,1
366,169.53225489188785,10.807900994192472,2
367,60.52367584441874,156.905630323706,1
368,29.803027442068263,186.00882140704292,3
369,120.51097120561688,28.682411411428305,2
370,30.872055707301747,199.6776018356187,3
371,11.577439857239844,32.90939788238066,3
372,9.528309259514561,52.84556360935131,3
373,17.656042003667885,172.6172360949538,3
374,157.90289689522425,73.6341922171188,3
375,109.12043466236439,140.10374940608952,1
376,11.869173515137728,63.34083519989278,3
377,42.034778047520184,144.5463147561445,1
378,123.68697964233282,152.92600677667798,1
379,70.63539016141623,175.1520685094668,1
380,101.39011009182175,73.44956348507502,1
381,136.50548305100492,201.82799477319472,1
382,186.56263208379482,154.05137321895083,3
383,181.11501053679743,109.16931736142433,3
384,49.140120931922226,70.8855569391584,1
385,43.991083866730946,18.5555615743614,3
386,175.14360467536093,101.35713198321173,3
387,46.93436290111491,70.37714435923353,1
388,102.65866796610875,175.93138966369358,1
389,153.8236095873954,53.319360382438596,3
390,149.53510338187348,69.9091827362883,3
391,174.16281868842518,117.87883124976815,3
392,25.48518459365153,154.63759695103812,1
393,39.7962579178729,4.844653495611793,3
394,187.1437797071425,130.38251742654415,3
395,124.51724995735954,162.88657061314507,1
396,83.48974863083652,111.16945651878474,1
397,183.72816830740015,79.17218783970803,3
398,19.41875968065833,130.47733315705932,1
399,172.19981145471837,-0.6037730220949786,2
400,128.99926061811746,93.19378152051299,1
401,71.51388868304687,26.88894095777372,3
402,164.12493911049438,171.37260535601158,1
403,64.41194339765123,109.87502131501618,1
404,108.8333640934805,181.5929815914402,1
405,137.00725199519354,158.6060953624179,1
406,172.71615183987865,9.257972644415869,2
407,48.02359675815178,128.66253752841965,1
408,85.26893706055913,75.15712134484006,1
409,25.37444178875822,100.39663326765401,1
410,166.33875908720375,22.799872910001618,2
411,94.92331145276641,74.22590728508024,1
412,31.591485115183694,118.294605410466,1
413,181.24649769461004,161.8097043750775,1
414,194.8317809676686,115.77538259228604,3
415,123.15030120699065,109.49914563684793,1
416,174.87865999677922,13.030636858407746,2
417,178.91286669725235,162.6598107903516,1
418,60.93234967723472,163.2322430747684,1
419,-0.8292779445444376,196.91867767296114,3
420,50.014669621676596,66.9784513216761,1
421,6.448823431598384,0.8263998667421131,3
422,47.731642200280916,104.08101423741377,1
423,74.17688605072345,44.12000077718048,3
424,78.34896962274702,106.77804348763422,1
425,166.82446815241525,167.00945748078885,1
426,68.25743176645084,128.11961621898894,1
427,5.51280742047644,124.94510238697244,3
428,129.71299776120054,20.213664717711364,2
429,136.52777722026005,83.27557535937143,3
430,71.18186795527737,41.1331981691225,3
431,92.15452600328385,17.776603666196877,3
432,3.7041401064398123,62.88835596684064,3
433,23.394115373457304,167.3385802578205,3
434,24.837379109196622,139.80749867303282,1
435,34.90453189350408,104.16969016825897,1
436,6.453697550928928,14.669793419973471,3
437,98.0575280835218,58.008982787844445,1
438,87.54117826878101,72.29889269353194,1
439,134.36083205329123,58.17692883906247,3
440,106.24561113900414,14.20945950997091,3
441,132.70011046851295,185.16751004089767,1
442,58.82379495146741,193.90677876174087,1
443,51.924424040116,107.95646482307899,1
444,80.69374424935462,184.16506808777987,1
445,61.31012893301396,151.64486146248427,1
446,21.77918156405118,123.60392197239776,1
447,179.16094976213722,167.68115146483802,1
448,105.86098034674276,106.317042114578,1
449,72.4410906049239,131.02299908063176,1
450,195.1195078102625,52.69661780000691,2
451,-0.2630617153860202,175.0389745353233,3
452,174.31785952266222,139.70133519436516,1
453,52.45355231051674,72.589092019194,1
454,58.9354988287447,114.69261828306541,1
455,52.74618678147391,74.67388998258653,1
456,157.0114084466794,4.090409173899415,2
457,41.34088076184677,188.71040872399655,1
458,140.05813738601924,47.88587199400604,3
459,107.71325689814276,29.39287533070082,3
460,157.17062674921345,52.250182469365576,2
461,165.34822851655707,179.04355096300304,1
462,115.55771240532079,48.87109315272987,3
463,133.9276806586513,8.808451795650615,2
464,115.740138955156,56.20537379127592,3
465,25.227961719555246,13.397814136419234,3
466,84.78714776665068,110.99876075229575,1
467,183.8779988221005,137.082524607866,3
468,55.62392897489105,26.958845822620773,3
469,-1.4997817336615649,45.362503069426594,3
470,28.163620603257222,85.12448218641647,1
471,134.88944973453698,107.78387296858828,1
472,145.81530418492676,166.2154451488667,1
473,77.88866373194928,51.099058253098,1
474,14.448889333572708,78.41473063583133,1
475,98.60528603762108,96.54574700656055,1
476,7.378133970658652,137.77247169379862,3
477,57.787499326734256,52.37199161510592,1
478,133.4931555827003,203.76122175577646,1
479,27.04300546313439,134.69005376822292,1
480,93.96225223518931,175.53769979514607,1
481,136.84218370284552,72.31597745678933,3
482,1.8879530884460465,66.45954778858159,3
483,117.45271714374356,75.52149105899002,1
484,142.5102123354592,13.677874352913019,2
485,187.6238653515092,194.90930966526872,1
486,86.57477272578546,178.39167628586495,1
487,6.165740405510287,120.69182401351439,3
488,99.57184606372752,22.73282444953238,3
489,59.3064876289068,153.37745522504008,1
490,154.78623630875614,76.3971577250677,3
491,21.26534196340132,95.0844098281695,1
492,112.55990374156553,154.43519365341282,1
493,127.60569174596142,52.452971277160884,3
494,136.99248794820036,126.8700749711799,1
495,178.99133455449257,53.79750336114526,2
496,139.4385357856758,58.379770797099454,3
497,2.1861828309117146,34.34541264979447,3
498,120.35816607944571,81.22532749273384,1
499,101.57728425497974,144.33355234614712,1
500,140.31855752927353,52.482901674207106,3
501,29.273365607830122,158.59939129186833,1
502,24.16740111920423,53.926755165591395,3
503,82.84976699029085,84.06123193685538,1
504,188.9355232131253,13.934850512193252,2
505,163.65875136294437,109.71432634117023,3
506,154.30973015071467,94.55706846215838,3
507,25.41325285275011,166.01083866045886,1
508,193.8281785949796,146.03975304239705,3
509,146.56910122516933,186.08612730172237,1
510,181.30166413048602,154.13162932101358,3
511,56.46991426072394,150.81135425154787,1
512,26.01556736770248,24.317324404506348,3
513,72.89084028330991,52.83603250344278,1
514,152.7046601514232,84.69617047451146,3
515,22.74531784317291,22.028572664845026,3
516,164.0548456332833,137.504655500563,1
517,54.316824008315585,188.85100128823996,1
518,84.04762388063786,65.52539455871295,1
519,120.86568838191533,3.3733796781405836,2
520,76.64081981934594,44.011781757714495,3
521,187.8819584561535,89.80646457066682,3
522,132.24854463963962,34.48464791720221,2
523,13.888730210922278,98.34536237467972,1
524,62.37430432047299,162.07587109395433,1
525,181.39460728434264,151.5494388091609,3
526,157.00583554063573,3.7325666729556906,2
527,14.839178754147316,148.75308175200936,1
528,188.1259797135786,143.23450859786718,3
529,4.635465710169788,145.69939841026002,3
530,191.81286886409006,147.4079386990587,3
531,142.2968288549086,100.86822459908998,1
532,107.84134989091346,-2.520437665650721,2
533,20.966529066675918,190.53261852193495,3
534,64.6879320642838,12.113115638428212,3
535,52.588051156454966,3.898741658763206,3
536,138.3391685373718,1.8221996108603422,2
537,126.74171348533429,123.73962445729205,1
538,95.50140862017892,196.53667759246923,1
539,132.38152107372662,55.16493227429633,3
540,49.42104970857712,64.15705188845457,1
541,122.05201050727018,23.264035658040672,2
542,90.15665959814739,69.60309972619658,1
543,127.04730981926282,193.37207066329657,1
544,92.08060447181207,159.96759626466985,1
545,41.84903044797967,94.12977912677633,1
546,113.44927343839906,131.08579122916322,1
547,192.02205113636586,118.0444951058972,3
548,25.387512839522465,100.70198678130211,1
549,83.50910316031353,14.156512338098576,3
550,173.66114977537248,37.20154235102827,2
551,103.24961210896576,95.97776952050741,1
552,182.47980508244157,152.49707532971763,3
553,48.18173195099158,108.84039206465648,1
554,88.54890252195925,144.34721891014064,1
555,182.90146914715504,91.24771418683935,3
556,106.6490113913311,6.127763049018997,2
557,146.19022821340218,81.61947266549188,3
558,155.1621897236462,81.68677301389421,3
559,45.58422652146301,119.13386269080011,1
560,12.185511340840012,7.234594301082765,3
561,92.0846329079048,120.72574720970191,1
562,50.242976394720685,109.22180262809154,1
563,92.63488570844792,21.6300268750804,3
564,97.48597366803372,29.935558679820684,3
565,30.282670977201786,129.77973595104393,1
566,123.28172222413725,203.75900039354983,1
567,82.52585505022574,159.74484529614014,1
568,41.58407108708138,135.68896454064358,1
569,144.7594340671503,73.29942775682133,3
570,5.422791875369143,18.53925089858278,3
571,51.992794130969486,32.741721600717895,3
572,79.97249362702001,80.84901538023989,1
573,55.22631093834256,106.86766759339531,1
574,142.74100040900134,11.875929262798893,2
575,136.85830594196332,46.13428745031974,3
576,188.8485342803383,167.3486670810707,3
577,56.72613491239195,61.63838762211679,1
578,108.16908213270025,189.35589557951093,1
579,37.7231159330552,40.475201439216036,3
580,133.2404638688276,42.91998172569501,3
581,169.57875008507915,7.7944508133669155,2
582,40.2203698731027,190.9167129774446,1
583,115.0982824974104,160.6032180824353,1
584,93.43458558980623,179.64447840149853,1
585,200.40766010710598,76.82656098475239,3
586,153.7449324578749,201.50067511069625,1
587,141.34371253868838,69.20858610462406,3
588,152.17287715449362,184.17585179079705,1
589,167.2535638804697,174.7556844193743,1
590,138.0410986482517,104.28691734086138,1
591,25.506992421982936,168.6026270790428,1
592,168.2436388982786,180.80195988106777,1
593,132.1104811203603,100.12099811962568,1
594,112.2107868402946,0.12251375060617509,2
595,128.69690782586494,189.83244456947807,1
596,157.8525905801854,127.60328285467038,3
597,190.719126498186,100.6531407881249,3
598,107.94905474835504,190.45335976430988,1
599,52.044847330863334,67.59762830002043,1
600,93.07355707662923,85.81146211276041,1
601,139.0504665638466,2.9131178913179987,2
602,69.54397580740046,184.36928787637456,1
603,160.558010472271,117.71271097999133,3
604,29.91628471574962,139.3857467868547,1
605,122.21209895890252,106.26558016246271,1
606,151.1895288551908,171.75117409772403,1
607,170.79674719301926,195.94429577342154,1
608,126.68977089233123,65.32521568138596,3
609,140.13836247136905,55.086324410188006,3
610,126.88349596552509,21.993175250165216,2
611,90.3343864866759,18.024676170785146,3
612,102.20635206218013,204.6325851880427,1
613,191.86499732857945,22.28648590254488,2
614,133.53402673809018,72.58267507244982,3
615,128.3509872146593,115.08489113999632,1
616,168.23101167641158,108.48416058728579,3
617,112.25423214523376,146.3825238378185,1
618,64.22648370025374,184.759433075881,1
619,14.708956008371874,86.89438865200052,1
620,151.9352599048056,158.88007032707011,1
621,103.46750020767495,142.4329943783851,1
622,175.10322521241767,119.64118534902858,3
623,139.77077334275455,108.86549985392067,1
624,132.6047983168935,181.8636206711223,1
625,83.30108489420712,65.29203679387616,1
626,190.69438673374452,81.20002969094804,3
627,115.0371694891003,26.278757259629792,2
628,151.99714827264802,26.55221316519772,2
629,36.40360572907681,66.30867870331485,1
630,113.70038703191929,41.635627361559905,3
631,12.095481531422035,137.81140201291015,3
632,164.9428582375849,134.07659701653066,1
633,25.85541462065224,137.8720627852314,1
634,135.8255010200645,183.31894423028456,1
635,21.244123680514843,58.909108917201976,3
636,115.02528092409082,77.5559307376224,1
637,135.44979172194567,131.35241826419391,1
638,136.63655005461814,79.19346210375319,3
639,61.712229470801304,126.73291683843502,1
640,147.20005466742336,5.242918055850261,2
641,112.05995419170694,171.38261734457922,1
642,122.06677660254718,2.914278081129325,2
643,58.86356244450006,12.749552390175483,3
644,178.95765496991865,107.86419142382535,3
645,51.45212429762172,130.26576498492707,1
646,198.65910632010574,6.729947967626961,2
647,64.24310952980392,48.81867530413706,1
648,1.534629728395223,-2.397365530521703,3
649,160.69625007025394,178.95699944300227,1
650,195.55623379842788,5.010460901574123,2
651,39.3179224259255,16.72194093336015,3
652,169.49152579003726,83.5645666740747,3
653,114.72891649553392,103.64519216014048,1
654,43.36010720769805,5.448192533126909,3
655,31.21740591127469,79.89742495837957,1
656,171.99202177589336,85.97421988154107,3
657,76.8716047312781,155.12096173496025,1
658,42.41944880169158,81.748977384739,1
659,154.3418604316083,126.53717993918278,1
660,117.42878676657155,96.22164654687352,1
661,57.53087453086122,6.05678456007573,3
662,116.87644951787678,184.9092936781956,1
663,127.35493052743661,168.81258253318973,1
664,48.1884649257295,125.23181270509885,1
665,182.78171050373734,84.81931451184494,3
666,163.77223846044552,50.726693767816684,3
667,14.04920709420633,54.513175397452216,3
668,34.53823688806761,123.24440823996498,1
669,161.66224557861725,23.449040557427374,2
670,162.45752638053193,74.35734289211923,3
671,36.78693521357735,59.41768880863839,1
672,104.21330467508992,116.21495975038592,1
673,182.3668916015472,178.601339793659,1
674,69.80058173220601,41.14198920717792,3
675,131.25274049435248,-0.19032519792739722,2
676,56.554657026119216,170.0408327055891,1
677,140.73160886147667,105.0690911832022,1
678,24.188402229994157,98.08340930157861,1
679,160.04601630242715,118.32215513780476,3
680,91.16875203994229,93.01896820985532,1
681,144.32458419869698,58.99505902906224,3
682,63.01134384254543,165.88120853284113,1
683,127.66904794332144,53.084747420591306,3
684,77.81230369075399,191.65280872473613,1
685,93.37068189348635,133.6176971347206,1
686,6.147046677715126,25.29955648310898,3
687,54.00738029303813,170.93950182585823,1
688,61.89683918693367,163.91967630859205,1
689,137.8998832519956,23.750821237372136,2
690,93.92745662561907,28.636702900498953,3
691,42.863247457180066,112.40412412925447,1
692,159.1000698517229,121.01080330536271,3
693,99.89065083248494,3.970404650609569,3
694,166.91513769765623,76.08101799039464,3
695,57.03877609640844,48.73051780905003,3
696,193.83315975716144,50.346540624865064,2
697,188.56383431761952,63.19542965298022,3
698,35.643380639409074,112.71021439617856,1
699,82.05090844721306,38.27392302828794,3
700,114.14335482929167,30.01122446121575,3
701,23.584751205845304,29.373420127745963,3
702,97.08505803287159,25.488438169095367,3
703,90.20578637308392,67.90319642077456,1
704,125.4865030368251,179.75413499576706,1
705,110.47391806796001,160.42354533358377,1
706,201.39483370979113,89.70065435241784,3
707,106.62099206314642,107.6659807224511,1
708,174.73590456314548,83.00235297654544,3
709,106.23108160126812,181.06946212582142,1
710,52.49648757172568,117.4420729307358,1
711,51.99021898035497,111.87683780561822,1
712,144.13129727958147,163.82335735044933,1
713,102.07043515966703,170.5155053758271,1
714,4.8971988014151355,179.6563361083438,3
715,185.53933336255366,176.6180551564964,1
716,91.06854605673996,160.10586394188485,1
717,87.5390997468873,178.18864083170473,1
718,80.7863628664151,35.28378541199952,3
719,66.62940365464995,177.45605811377217,1
720,25.921089053367623,135.56646787364483,1
721,170.28197541010752,162.9835922986768,1
722,84.51834236214259,118.02997975646298,1
723,42.893774142569775,161.2809632798012,1
724,32.01629544906782,88.93190169825003,1
725,4.820520277198646,-1.7735356048782869,3
726,105.34930082554779,6.726907051307879,2
727,9.818313451258488,107.14234945103564,1
728,157.35112337895703,109.81285607215426,3
729,49.43215442105308,59.44995831498673,1
730,3.69764968884484,106.37566355271599,3
731,157.35373776292522,92.78469814094134,3
732,49.5569156215515,9.236341177027967,3
733,123.13707705002994,104.02015191852311,1
734,93.10824339441838,188.57622314634133,1
735,167.47760477488768,114.45338743131718,3
736,171.23702284454288,85.85412704745787,3
737,47.08875229450065,121.39758405494406,1
738,37.13697748951509,45.2599993465293,3
739,184.8190859928076,30.978865147616602,2
740,163.3238951370396,21.7012894061369,2
741,155.0339966223181,0.709764434338835,2
742,111.4292965126816,56.77973189459632,3
743,153.78503334166734,1.9771290868883309,2
744,85.18020725043723,154.18174058716565,1
745,121.96142641948505,190.68972171184143,1
746,137.40145365414543,82.01534490920484,3
747,63.71133817470085,179.67015645251178,1
748,29.681217830022767,181.72544902359306,1
749,68.80823326316275,57.97201699739618,1
750,12.799309309853513,114.9442853755816,1
751,42.589097789972854,167.0002025134668,1
752,195.79552713391587,158.9434906535206,3
753,76.17078789913502,144.36592543290445,1
754,187.53956541868146,194.2189588664824,1
755,84.0592092464187,180.9147332237195,1
756,76.87185254194652,33.07082807806923,3
757,6.194510053349416,150.78901703081348,3
758,98.88635981045387,186.56060240027514,1
759,175.78559819182655,158.7699884999176,1
760,7.732244747392716,18.570747387587105,3
761,142.9521353786261,123.36679736080166,1
762,81.18505072487957,79.24060578400717,1
763,7.453938411017159,156.6454668684909,3
764,12.751074033147408,39.32975488530366,3
765,9.442689846579777,68.19548501082812,3
766,85.42414267987512,92.46343685375147,1
767,49.71836884083322,175.133349828553,1
768,176.0623848194245,35.005143398638864,2
769,171.88198236150714,15.17691692920167,2
770,99.75777545147344,153.08411615333702,1
771,11.87075184553709,185.94656421831485,3
772,133.43575624399745,160.01609343564743,1
773,18.546465041439106,51.964036961949915,3
774,71.88433313592506,93.36939646085516,1
775,47.390776538690986,86.36930991726567,1
776,83.53839438265288,93.22251527248281,1
777,140.86835752885395,16.699826091074836,2
778,104.00939827576644,118.9682543471193,1
779,13.087850869377862,119.32384692207795,1
780,145.4400947947896,52.14061742438585,3
781,186.6560404075381,111.48260040968272,3
782,109.38645947015875,189.76018219303515,1
783,115.26415485718933,12.297936642361075,2
784,33.33298891282037,15.111331260516637,3
785,105.7677215528829,157.01051264782748,1
786,109.96603266289723,10.600573127506772,2
787,8.799071517151742,17.06086480180905,3
788,6.134281685670997,84.05165441990096,3
789,46.45298635283933,175.90593794271578,1
790,115.25179139610633,188.9490860289159,1
791,144.428589483713,81.37653949769683,3
792,19.044780975080545,127.32544520012945,1
793,40.59308469466986,197.57443470459984,3
794,143.45394163576108,84.03326981463694,3
795,172.15462672509747,88.39730334929266,3
796,193.66740052708798,194.08143472390717,3
797,24.80491160571074,167.31906563103718,1
798,176.98523124703658,164.79100226685298,1
799,60.67787873518624,12.779884034349173,3
800,176.7618769069839,17.237780408792165,2
801,135.07102380294262,120.40217818465626,1
802,137.98734625321543,127.44453789481557,1
803,79.94369470280058,-1.7146974885472552,3
804,25.242181895473657,117.81968780652088,1
805,93.40731936978281,129.27564152401825,1
806,85.88889065605197,132.6033181684752,1
807,163.61270034210276,103.48389643859845,3
808,35.54484447373337,98.2523538445888,1
809,88.63844925541243,132.49568953394754,1
810,162.25915762257884,186.78496652640217,1
811,147.87746317097915,121.88628144882652,1
812,70.56581966592668,10.222918409359576,3
813,133.22565744283594,42.88037790364991,2
814,3.767790717455374,107.67454391866845,3
815,88.9915091809296,13.629575358025404,3
816,137.55714817760787,90.48846511686466,3
817,144.09395668062268,46.60469189195925,3
818,141.92017139299983,10.554503999992585,2
819,145.41275171791415,98.90532745780148,1
820,59.506663992041474,10.23003661997199,3
821,134.99604647363802,175.99569827544596,1
822,122.76271243291295,166.1310058619259,1
823,133.57004403612996,195.56259429826403,1
824,15.691207957547915,86.68935333360584,3
825,117.40880165494397,178.29634050775442,1
826,86.2392641434876,31.60628015972303,3
827,30.505906432509352,120.65794322478361,1
828,13.312472298768807,10.91225772564493,3
829,134.00282739805849,144.5875488529864,1
830,187.03830711627884,32.238337414580414,2
831,120.75213704394372,56.65508600043289,3
832,75.4116544254428,7.383581401423818,3
833,179.77768649031043,7.689086109886922,2
834,111.31414451300651,85.58618379471898,1
835,153.82210870971065,85.54393823187769,3
836,47.000494724268904,111.84374111234469,1
837,113.76881238431953,106.59709106933188,1
838,163.5752125176949,145.80148348782657,1
839,38.83727064156885,40.2788683656907,3
840,12.142279515611223,172.59947045531123,3
841,121.33035647144588,65.68327200100406,3
842,2.3345585355113263,122.51468479253397,3
843,29.88921429564286,152.74186107519012,1
844,141.44657134045863,41.586967777390086,2
845,5.459402298073369,82.8037295078544,3
846,153.37981102702975,48.38506138634284,2
847,-2.5709512632002225,124.95839349928227,3
848,30.998734152903104,34.65075634332468,3
849,186.05224850200082,25.495778119002715,2
850,71.33450326882208,70.91405334841149,1
851,72.49146669253469,160.9719398870162,1
852,36.74873526884386,145.11121824624055,1
853,193.86731484518717,39.23961418468477,2
854,151.95273008671643,135.88852326733726,1
855,122.94203050752702,63.90038261127037,3
856,154.99317175031973,56.940420090495074,2
857,2.2939109180303703,5.6153841174234795,3
858,115.42366530938203,32.50325735400854,3
859,176.93425192101247,109.7855267729077,3
860,9.277261448333917,72.13753802550885,3
861,84.76144867843286,127.75429970288343,1
862,34.87446661668783,191.63559253434522,1
863,175.47543026468745,117.39506044579606,3
864,101.44228783769124,97.12772875927416,1
865,29.18713761356451,3.128277577982315,3
866,28.400238675667783,114.67003415352364,1
867,143.07607969072805,111.50725059576384,1
868,62.94919255469472,53.22180388968093,1
869,5.870499204505602,137.88690139284623,3
870,90.4574927947669,27.506239593543047,3
871,189.042898417285,74.14571286881316,3
872,144.24844090138848,146.81756385694757,1
873,17.067033984069013,27.98321775391666,3
874,42.27173899073992,115.92157077860848,1
875,39.90145942370402,20.355025719150277,3
876,13.542591423076795,172.45156315152312,3
877,123.08069158281798,152.41257629805938,1
878,50.70613908420404,78.77947996397812,1
879,85.81529641578096,89.37315468605381,1
880,144.54116599449512,96.02812775060322,3
881,48.689299702119996,-1.504624551395474,3
882,41.21307354092102,183.34954667122628,1
883,61.81063345179642,122.03333641201291,1
884,53.11333618553198,46.22829622702513,1
885,140.34106534084964,78.54622108966103,3
886,106.43181600157615,154.50890215822216,1
887,47.64226610608288,156.06990544117397,1
888,145.65963280021234,195.44819974792094,1
889,101.99630889606445,16.909483421187925,3
890,101.0369644330155,125.38318948091398,1
891,21.69545179640394,117.46377765487568,1
892,56.54072877833771,11.861269142129265,3
893,-3.7188826702774502,140.36843329473623,3
894,176.04783411073478,175.1566883543693,1
895,148.02697401554232,193.38270028816262,1
896,190.54868373048848,170.34250081886378,3
897,77.92930151480033,97.73661274492895,1
898,88.6630916350878,160.66665480514772,1
899,183.3361419745645,132.03841724993663,3
900,83.06619725627012,-3.6344589160389447,3
901,62.277936807873374,157.60337346888863,1
902,120.48370827885189,101.13119000273886,1
903,20.26174479045219,38.11496515719322,3
904,47.19068505423074,77.75912966610792,1
905,149.244149662242,95.65190307279333,3
906,154.9787188665632,19.5891239506103,2
907,130.6489944457347,28.18056600106552,2
908,56.83568690170634,60.605690247189806,1
909,36.69407970586455,53.62382774512098,1
910,150.88592438391066,117.93167871571542,1
911,153.5243561985383,126.01574158162907,1
912,128.22129510061987,22.87912639407189,2
913,180.09244916434204,82.41729926095981,3
914,19.37090224441133,108.0582379541372,1
915,145.58564503596773,58.980494759519694,3
916,116.71226436696121,113.74994975605917,1
917,53.091021109413106,115.8984601810511,1
918,109.0317012797704,21.507600448252212,3
919,100.71696840499635,112.0376078249837,1
920,170.1806717227638,55.672623476378526,2
921,2.1173213760578626,159.1615424837697,3
922,65.05396197985372,138.99266400645948,1
923,14.297607166360114,180.0183161914698,3
924,141.69194972448892,115.56172786542596,1
925,185.50954175116217,76.02901585519407,3
926,8.458307123964277,120.97380617439646,3
927,74.96889237555857,202.40197019972825,1
928,39.839281444727774,1.8373276396288385,3
929,151.59509189556925,185.20306179135753,1
930,23.210515715548617,118.87954569789527,1
931,57.81243874840762,111.79617036302638,1
932,2.454813688654167,63.25151256383083,3
933,172.23650495614163,41.95017113316314,2
934,112.0702727699695,49.022680892640786,3
935,105.84863030238807,28.169172851204124,3
936,191.1479869762023,122.75630637811021,3
937,36.56231974159531,129.28881655185396,1
938,103.17513599265706,166.1708873415602,1
939,34.20870884458198,189.51551773735517,3
940,124.3373377049386,9.482443844254153,2
941,71.78105691322465,38.34156527660262,3
942,27.267100666760008,11.163558994481676,3
943,-0.9114895049914562,174.89706017011045,3
944,52.15137152281961,136.97596259485124,1
945,71.93848094082746,72.1678135560627,1
946,100.40793452860746,-0.6001850662369312,3
947,160.63519349787833,166.8937544990311,1
948,90.75001615485651,107.10087122920069,1
949,11.704561086632795,69.46375040761748,3
950,124.295758213284,132.18367818072383,1
951,15.834346802082605,101.38031848261912,1
952,19.679371307029122,118.9004633413833,1
953,39.810135071751674,172.2932512868128,1
954,101.47411281699499,125.6866253801312,1
955,43.41711136543687,101.46889856774794,1
956,107.92524909845041,90.58418333759683,1
957,49.45037464247582,145.91430573708197,1
958,189.96205747170856,39.89405466015866,2
959,125.92413874348208,21.40007719263855,2
960,142.25361491544925,144.4208458962017,1
961,160.77739842881306,95.96760813645675,3
962,-2.514858399071372,88.12921177882849,3
963,33.93620106314816,166.58899872448464,1
964,112.69823694709048,74.44519229771926,1
965,187.3340119963288,166.99093341797476,3
966,168.6472841670327,28.129521112702232,2
967,129.15084266147161,185.4996804984166,1
968,97.29753423458764,15.489551864471187,3
969,162.76503966039573,75.04098288115091,3
970,175.4535967412591,86.34501519586524,3
971,112.31948257853993,202.129814680438,1
972,88.6960040077503,149.18024804367553,1
973,181.64170920060494,44.48294954591621,2
974,33.51992676408636,89.14350375680932,1
975,31.945352114971538,68.13720348486979,1
976,74.34799711771426,8.764515161598313,3
977,77.45735318704246,10.20819035226035,3
978,22.511684396543643,120.80621692750182,1
979,41.279647034248555,86.27043958534612,1
980,8.208519858967069,91.28169603448981,3
981,90.34542395626902,195.0015582738954,1
982,69.31611657302238,91.88679574691112,1
983,138.1978874893564,105.81369598804731,1
984,83.3679623150183,32.80874315663544,3
985,4.091577798535116,167.25289103700803,3
986,148.40348848920104,76.34253239282204,3
987,50.46852206197315,13.066858476470948,3
988,30.465101489886926,12.677515397824813,3
989,86.77151925826664,44.32699877041908,3
990,152.27321462754233,60.33134299144791,3
991,155.48413567091865,13.786251627377297,2
992,69.47633167164634,1.0194661747949647,3
993,62.20700842436625,144.82887033821532,1
994,16.02174211488789,41.45079865979301,3
995,139.6015957848065,106.65765014353806,1
996,66.57501645259359,51.80944072845135,1
997,11.093679007425314,24.211195975307966,3
998,181.84342446635156,166.2475905976076,1
999,75.50255798885452,119.61710022043326,1
1000,54.832411870535054,49.023122989209014,1
